name;email;password
user11;user11@deo.com;1234
user12;user12@deo.com;12345
user13;user13@deo.com;23456
user14;user14@deo.com;34567
user15;user15@deo.com;45678
user16;user16@deo.com;56789
user17;user17@deo.com;67900
user18;user18@deo.com;79011
user19;user19@deo.com;90122
user20;user20@deo.com;101233
user21;user21@deo.com;112344
user22;user22@deo.com;123455
user23;user23@deo.com;134566
user24;user24@deo.com;145677
user25;user25@deo.com;156788
user26;user26@deo.com;167899
user27;user27@deo.com;179010
user28;user28@deo.com;190121
user29;user29@deo.com;201232
user30;user30@deo.com;212343
user31;user31@deo.com;223454
user11;user11@deo.com;234565
user12;user12@deo.com;245676
user13;user13@deo.com;256787
user14;user14@deo.com;267898
user15;user15@deo.com;279009
user16;user16@deo.com;290120
user17;user17@deo.com;301231
user18;user18@deo.com;312342
user19;user19@deo.com;323453
user20;user20@deo.com;334564
user21;user21@deo.com;345675
user22;user22@deo.com;11111111
user23;user23@deo.com;11111111
user24;user24@deo.com;11111111
user25;user25@deo.com;11111111
user26;user26@deo.com;401230
user27;user27@deo.com;412341
user28;user28@deo.com;423452
user29;user29@deo.com;434563
user30;user30@deo.com;445674
user31;user31@deo.com;11111111
user11;user11@deo.com;11111111
user12;user12@deo.com;11111111
user13;user13@deo.com;490118
user14;user14@deo.com;501229
user15;user15@deo.com;11111111
user16;user16@deo.com;11111111
user17;user17@deo.com;11111111
user18;user18@deo.com;11111111
user19;user19@deo.com;11111111
